,Dormitorios,Superficie,Num_baños,Metro,Renfe,Tipo_de_inmueble,Año_de_construccion,Calefaccion,Etiqueta,Aire acondicionado,Ascensor,Jardin,Tipo,distrito/ciudad,Latitud,Longitud,Precio,residuos
0,4.0,139.0,2.0,1.0,1.0,Popular,1977.0,0.0,En proceso,0.0,1.0,0.0,piso,Universidad,40.425426,-3.7060234,298500.0,14552.0
1,3.0,79.0,1.0,1.0,1.0,Popular,1979.0,1.0,G,0.0,1.0,0.0,piso,Fuenlabrada,40.282476,-3.7923422,139900.0,6920.0
2,2.0,75.0,1.0,1.0,0.0,Popular,2003.0,1.0,E,0.0,1.0,0.0,piso,Valdeacederas,40.4679108,-3.7034226,350000.0,117528.0
3,5.0,105.0,2.0,0.0,1.0,Señorial,1966.0,1.0,En proceso,0.0,1.0,0.0,piso,Torrejón de Ardoz,40.4587767,-3.4793343,230000.0,33898.0
4,3.0,90.0,2.0,1.0,0.0,Popular,1994.0,1.0,En proceso,1.0,1.0,0.0,piso,Canillas,40.4618893,-3.6433517,420000.0,91550.0
5,3.0,91.0,1.0,1.0,0.0,Popular,1965.0,1.0,E,1.0,0.0,0.0,piso,Opañel,40.3903949,-3.7221926,175000.0,47678.0
6,3.0,94.0,1.0,1.0,0.0,Popular,1988.0,0.0,En proceso,0.0,1.0,0.0,piso,Rosas,40.4278,-3.6006,190000.0,8880.0
7,3.0,180.0,3.0,0.0,0.0,Señorial,2006.0,1.0,E,0.0,0.0,1.0,casa,Aranjuez,40.03221,-3.6039604,193000.0,131850.0
8,3.0,87.0,1.0,0.0,1.0,Media,1973.0,1.0,F,1.0,1.0,0.0,piso,Parla,40.2373952,-3.7718902,115000.0,26650.0
9,3.0,62.0,1.0,1.0,0.0,Popular,1960.0,0.0,E,0.0,0.0,0.0,piso,Moscardo,40.3890429,-3.7057718,129900.0,1506.0
10,4.0,113.0,2.0,1.0,1.0,Popular,1973.0,1.0,D,1.0,1.0,0.0,piso,Aluche,40.392356,-3.7571096,240000.0,104396.0
11,2.0,48.0,1.0,1.0,0.0,Popular,1960.0,0.0,E,0.0,0.0,0.0,piso,Simancas,40.4362,-3.6248,140000.0,38316.0
12,3.0,116.0,2.0,0.0,0.0,Señorial,1978.0,1.0,E,1.0,1.0,0.0,piso,Colmenar Viejo,40.6587726,-3.7659722,345000.0,28742.0
13,2.0,65.0,1.0,1.0,0.0,Popular,1965.0,1.0,E,0.0,1.0,0.0,piso,Canillejas,40.4416267,-3.6093074,165000.0,1728.0
14,1.0,50.0,1.0,1.0,1.0,Popular,1960.0,0.0,D,0.0,0.0,0.0,piso,Villaverde,40.3511231,-3.6997748,75000.0,13082.0
15,4.0,72.0,2.0,1.0,0.0,Media,1950.0,1.0,E,1.0,0.0,0.0,piso,Valdezarza,40.4649542,-3.717074,200000.0,118564.0
16,2.0,60.0,1.0,0.0,0.0,Media,1960.0,1.0,En proceso,1.0,1.0,0.0,piso,Aranjuez,40.03221,-3.6039604,77260.0,33754.0
17,3.0,174.0,3.0,0.0,1.0,Popular,1987.0,1.0,E,1.0,1.0,0.0,piso,Collado Villalba,40.6431496,-3.9930128,299000.0,97306.0
18,4.0,127.0,2.0,1.0,1.0,Señorial,1975.0,1.0,E,0.0,1.0,0.0,piso,San Sebastián de los Reyes,40.5473698,-3.6260586,290000.0,68320.0
19,3.0,128.0,2.0,0.0,0.0,Popular,1973.0,1.0,E,0.0,1.0,0.0,piso,Majadahonda,40.473055,-3.8724138,365000.0,6178.0
20,3.0,63.0,1.0,1.0,1.0,Popular,1969.0,0.0,E,0.0,1.0,0.0,piso,Alcorcón,40.3492998,-3.8284295,135000.0,12046.0
21,3.0,84.0,2.0,1.0,1.0,Popular,1968.0,1.0,En proceso,1.0,1.0,0.0,piso,Cuatro Vientos,40.3778953,-3.7919717,235000.0,35902.0
22,2.0,69.0,1.0,1.0,0.0,Media,1958.0,1.0,En proceso,1.0,0.0,0.0,piso,Puerta Bonita,40.3813279,-3.7397504,130000.0,13684.0
23,2.0,68.0,1.0,1.0,1.0,Media,1973.0,1.0,En proceso,1.0,1.0,0.0,piso,Móstoles,40.3238525,-3.8649214,159800.0,21504.0
24,3.0,73.0,1.0,1.0,0.0,Popular,1965.0,0.0,E,0.0,1.0,0.0,piso,Pilar,40.4758,-3.709,260000.0,21116.0
25,3.0,73.0,1.0,1.0,1.0,Media,1976.0,1.0,G,1.0,1.0,0.0,piso,Fuenlabrada,40.282476,-3.7923422,165000.0,39436.0
26,2.0,48.0,1.0,1.0,0.0,De época,1928.0,1.0,E,1.0,1.0,0.0,piso,pacífico,40.4039,-3.6786,220000.0,13484.0
27,2.0,141.0,2.0,0.0,0.0,Media,2003.0,0.0,E,1.0,1.0,0.0,piso,Las Rozas De Madrid,40.4933095,-3.8758396,415000.0,35754.0
28,2.0,68.0,2.0,0.0,1.0,Señorial,1968.0,1.0,F,1.0,0.0,1.0,casa,Pozuelo de Alarcón,40.4346528,-3.814834,445000.0,69114.0
29,4.0,106.0,2.0,0.0,0.0,Popular,1974.0,0.0,E,0.0,0.0,0.0,piso,Móstoles,40.3238525,-3.8649214,235000.0,33992.0
30,1.0,49.0,1.0,1.0,0.0,Media,2007.0,0.0,En proceso,0.0,1.0,0.0,piso,Leganés,40.3281942,-3.76527,126000.0,28584.0
31,4.0,127.0,2.0,0.0,1.0,Media,1981.0,0.0,En proceso,0.0,0.0,0.0,piso,Entrevías,40.3790449,-3.6717573,143000.0,122054.0
32,3.0,54.0,1.0,0.0,1.0,Media,1965.0,0.0,En proceso,1.0,0.0,0.0,casa,Parla,40.2373952,-3.7718902,129999.0,97681.0
33,3.0,85.0,1.0,1.0,0.0,Popular,1987.0,0.0,D,0.0,0.0,0.0,piso,Canillejas,40.4416267,-3.6093074,220000.0,5368.0
34,3.0,96.0,1.0,1.0,0.0,Popular,1961.0,1.0,E,0.0,0.0,0.0,piso,Chamartín,40.4685,-3.681,469000.0,111630.0
35,2.0,85.0,1.0,1.0,0.0,Popular,1972.0,1.0,En proceso,0.0,0.0,0.0,piso,Carabanchel,40.3742112,-3.744676,125000.0,45980.0
36,4.0,181.0,3.0,0.0,0.0,Popular,2003.0,1.0,E,1.0,0.0,0.0,piso,Arroyomolinos,40.27,-3.9178,273000.0,45166.0
37,5.0,230.0,3.0,0.0,0.0,Señorial,1994.0,0.0,En proceso,0.0,1.0,1.0,piso,Majadahonda,40.473055,-3.8724138,750000.0,148446.0
38,3.0,65.0,1.0,1.0,1.0,Media,1966.0,0.0,E,0.0,1.0,0.0,piso,Leganés,40.3281942,-3.76527,127000.0,1960.0
39,2.0,85.0,1.0,1.0,1.0,Popular,1983.0,1.0,E,1.0,0.0,0.0,piso,Almendrales,40.3843762,-3.6992931,149900.0,82250.0
40,4.0,194.0,2.0,0.0,0.0,Popular,1998.0,1.0,E,1.0,0.0,1.0,casa,Colmenar Viejo,40.6587726,-3.7659722,530000.0,127606.0
41,2.0,120.0,1.0,0.0,1.0,Popular,1971.0,1.0,En proceso,1.0,1.0,0.0,atico,Parla,40.2373952,-3.7718902,192000.0,60714.0
42,3.0,77.0,1.0,0.0,1.0,Media,1959.0,0.0,En proceso,0.0,0.0,0.0,casa,Entrevías,40.3790449,-3.6717573,159000.0,54126.0
43,1.0,40.0,1.0,1.0,0.0,Media,1975.0,0.0,E,0.0,0.0,0.0,piso,Fuente del Berro,40.424977,-3.6636998,250000.0,38760.0
44,2.0,128.0,2.0,1.0,0.0,Popular,1987.0,0.0,En proceso,0.0,0.0,0.0,piso,Barajas,40.4733176,-3.5798446,249900.0,168726.0
45,3.0,105.0,1.0,1.0,0.0,Media,1975.0,1.0,E,0.0,0.0,0.0,piso,Móstoles,40.3238525,-3.8649214,183000.0,9064.0
46,2.0,79.0,1.0,0.0,0.0,Popular,2000.0,1.0,E,0.0,0.0,0.0,piso,Moralzarzal,40.6791436,-3.9720985,175000.0,9832.0
47,1.0,36.0,1.0,1.0,1.0,Popular,1900.0,0.0,E,0.0,0.0,0.0,piso,Embajadores,40.4095856,-3.7029851,195000.0,7776.0
48,1.0,42.0,1.0,1.0,1.0,Popular,1963.0,0.0,En proceso,0.0,0.0,0.0,piso,San Sebastián de los Reyes,40.5473698,-3.6260586,75000.0,42776.0
49,2.0,68.0,1.0,1.0,0.0,Media,1960.0,0.0,En proceso,0.0,0.0,0.0,piso,Pueblo Nuevo,40.4268,-3.6365,135000.0,29634.0
50,3.0,67.0,1.0,0.0,0.0,Señorial,1968.0,0.0,En proceso,0.0,0.0,0.0,piso,Alcalá de Henares,40.4818396,-3.3644973,119900.0,5970.0
51,3.0,88.0,1.0,1.0,0.0,Popular,1961.0,1.0,E,1.0,0.0,0.0,piso,Comillas,40.393,-3.712,198000.0,53046.0
52,4.0,205.0,2.0,0.0,1.0,Media,1990.0,0.0,En proceso,0.0,0.0,0.0,casa,Pinto,40.240985,-3.7005072,490000.0,112376.0
53,2.0,62.0,1.0,0.0,1.0,Media,1965.0,1.0,G,1.0,0.0,0.0,piso,Pinto,40.240985,-3.7005072,138000.0,32868.0
54,1.0,56.0,1.0,1.0,1.0,Media,1987.0,1.0,E,0.0,0.0,0.0,piso,Fuenlabrada,40.282476,-3.7923422,125000.0,42084.0
55,3.0,51.0,1.0,1.0,1.0,Popular,1950.0,0.0,En proceso,0.0,0.0,0.0,piso,Latina,40.3914,-3.7576,99000.0,44132.0
56,1.0,42.0,1.0,1.0,0.0,Media,1900.0,0.0,E,1.0,0.0,0.0,piso,Fuente del Berro,40.424977,-3.6636998,236000.0,28840.0
57,5.0,153.0,3.0,1.0,1.0,Señorial,1900.0,0.0,E,0.0,1.0,0.0,piso,Embajadores,40.4095856,-3.7029851,950000.0,428936.0
58,3.0,78.0,1.0,1.0,0.0,Popular,1966.0,1.0,E,0.0,1.0,0.0,piso,Concepción,40.4395,-3.6479,249000.0,72802.0
59,3.0,73.0,1.0,1.0,1.0,Media,1974.0,1.0,G,1.0,1.0,0.0,piso,Fuenlabrada,40.282476,-3.7923422,137900.0,13364.0
60,3.0,90.0,1.0,1.0,0.0,Popular,1978.0,0.0,E,0.0,1.0,0.0,piso,Portazgo,40.3914367,-3.6481261,199000.0,25598.0
61,1.0,30.0,1.0,1.0,1.0,Media,1920.0,0.0,G,0.0,0.0,0.0,piso,Justicia,40.4232759,-3.6966805,194900.0,36610.0
62,5.0,201.0,3.0,0.0,1.0,Señorial,1982.0,0.0,En proceso,0.0,1.0,0.0,piso,Alcalá de Henares,40.4818396,-3.3644973,368000.0,96718.0
63,3.0,100.0,2.0,0.0,1.0,Media,2001.0,0.0,E,0.0,1.0,0.0,piso,Boadilla del Monte,40.4053485,-3.8764663,529000.0,94480.0
64,3.0,97.0,1.0,1.0,0.0,Señorial,1971.0,1.0,E,1.0,1.0,0.0,piso,San Fernando de Henares,40.4248548,-3.5350369,205000.0,5394.0
65,3.0,111.0,2.0,1.0,0.0,Media,1987.0,1.0,En proceso,1.0,1.0,0.0,piso,Puerta Bonita,40.3813279,-3.7397504,160000.0,116888.0
66,3.0,76.0,1.0,1.0,1.0,Popular,1979.0,1.0,G,1.0,1.0,0.0,piso,Fuenlabrada,40.282476,-3.7923422,174900.0,36288.0
67,3.0,80.0,1.0,1.0,1.0,Media,1971.0,1.0,E,1.0,1.0,0.0,piso,Aluche,40.392356,-3.7571096,190000.0,37192.0
68,3.0,63.0,1.0,1.0,1.0,Popular,1969.0,1.0,G,0.0,0.0,0.0,piso,Universidad,40.425426,-3.7060234,134000.0,36020.0
69,3.0,90.0,1.0,0.0,0.0,Señorial,1984.0,1.0,En proceso,1.0,0.0,0.0,piso,Móstoles,40.3238525,-3.8649214,178000.0,10624.0
70,3.0,128.0,2.0,0.0,0.0,Media,2003.0,1.0,En proceso,0.0,1.0,0.0,piso,Arroyomolinos,40.27,-3.9178,179000.0,3282.0
71,3.0,78.0,1.0,1.0,1.0,Popular,1978.0,0.0,E,0.0,1.0,0.0,piso,Fuenlabrada,40.282476,-3.7923422,169000.0,36564.0
72,2.0,57.0,1.0,1.0,0.0,Señorial,1955.0,0.0,En proceso,0.0,0.0,0.0,piso,Carabanchel,40.3742112,-3.744676,149900.0,19660.0
73,2.0,55.0,1.0,1.0,0.0,Popular,1962.0,0.0,E,1.0,1.0,0.0,piso,Moscardo,40.3890429,-3.7057718,162000.0,24582.0
74,3.0,78.0,1.0,1.0,1.0,Popular,1970.0,1.0,F,0.0,0.0,0.0,piso,Móstoles,40.3238525,-3.8649214,131000.0,15556.0
75,1.0,26.0,1.0,1.0,0.0,Popular,1905.0,0.0,E,0.0,0.0,0.0,piso,Bellas Vistas,40.4526848,-3.7072396,150000.0,62816.0
76,2.0,48.0,1.0,1.0,0.0,Media,1970.0,1.0,G,1.0,0.0,0.0,piso,Leganés,40.3281942,-3.76527,116000.0,37084.0
77,3.0,65.0,1.0,1.0,0.0,Popular,1960.0,0.0,En proceso,0.0,1.0,0.0,piso,vinateros,40.4051965,-3.6415467,208000.0,1838.0
78,3.0,68.0,1.0,1.0,1.0,Media,1965.0,1.0,En proceso,0.0,0.0,0.0,piso,Villa de Vallecas,40.3739576,-3.6121632,137260.0,7068.0
79,3.0,118.0,2.0,0.0,0.0,De época,2005.0,0.0,En proceso,1.0,0.0,0.0,piso,Loeches,40.3837901,-3.4092281,189900.0,1348.0
80,2.0,72.0,1.0,0.0,1.0,Popular,1971.0,1.0,En proceso,0.0,0.0,0.0,piso,Collado Villalba,40.6431496,-3.9930128,145000.0,24242.0
81,2.0,56.0,1.0,1.0,1.0,Popular,1900.0,0.0,D,0.0,1.0,0.0,piso,Cortes,40.4149,-3.6973,325000.0,130212.0
82,1.0,44.0,1.0,1.0,1.0,Popular,1900.0,0.0,En proceso,0.0,0.0,0.0,piso,Palacio,40.4153295,-3.7147092,259000.0,52326.0
83,3.0,75.0,1.0,1.0,0.0,Señorial,1972.0,1.0,F,0.0,1.0,0.0,piso,Coslada,40.423802,-3.5552882,125000.0,43166.0
84,2.0,97.0,2.0,0.0,0.0,Popular,2009.0,1.0,En proceso,0.0,1.0,0.0,piso,Guadarrama,40.6734454,-4.0893911,229000.0,23862.0
85,3.0,75.0,2.0,1.0,0.0,Media,1972.0,1.0,E,0.0,1.0,0.0,piso,Fuente del Berro,40.424977,-3.6636998,340000.0,62920.0
86,2.0,60.0,1.0,1.0,0.0,Popular,1967.0,1.0,C,1.0,1.0,0.0,piso,Latina,40.3914,-3.7576,318000.0,139840.0
87,3.0,180.0,2.0,1.0,1.0,Señorial,2000.0,0.0,En proceso,0.0,0.0,0.0,atico,Móstoles,40.3238525,-3.8649214,337000.0,107148.0
88,4.0,82.0,1.0,1.0,1.0,Popular,1969.0,1.0,En proceso,1.0,1.0,0.0,piso,Embajadores,40.4095856,-3.7029851,310000.0,48304.0
89,3.0,81.0,1.0,1.0,0.0,Popular,1974.0,0.0,En proceso,1.0,1.0,0.0,piso,Canillejas,40.4416267,-3.6093074,189000.0,15052.0
90,3.0,96.0,2.0,0.0,1.0,Popular,1995.0,0.0,E,0.0,1.0,0.0,piso,Las Rozas De Madrid,40.4933095,-3.8758396,315000.0,8946.0
91,2.0,57.0,1.0,1.0,0.0,Media,1961.0,0.0,E,0.0,0.0,0.0,piso,San Isidro,40.3952,-3.7293,105000.0,33216.0
92,4.0,250.0,3.0,0.0,0.0,Popular,2000.0,1.0,E,1.0,0.0,1.0,casa,Alcalá de Henares,40.4818396,-3.3644973,424000.0,71078.0
93,1.0,73.0,1.0,1.0,0.0,Señorial,1960.0,1.0,E,0.0,1.0,0.0,piso,Pinar del Rey,40.4724696,-3.6489613,280000.0,18842.0
94,2.0,118.0,2.0,0.0,0.0,Popular,2014.0,1.0,E,0.0,1.0,0.0,piso,Collado Villalba,40.6431496,-3.9930128,259000.0,8166.0
95,2.0,60.0,1.0,0.0,1.0,Popular,1990.0,0.0,E,0.0,0.0,0.0,piso,Las Rozas De Madrid,40.4933095,-3.8758396,195000.0,1038.0
96,3.0,78.0,1.0,1.0,0.0,Popular,1930.0,1.0,E,0.0,1.0,0.0,piso,chamberí,40.4389621,-3.705302,549000.0,82666.0
97,2.0,65.0,1.0,1.0,0.0,Popular,1972.0,1.0,E,1.0,1.0,0.0,piso,Coslada,40.423802,-3.5552882,149000.0,20162.0
98,3.0,204.0,2.0,0.0,0.0,Media,2000.0,1.0,En proceso,1.0,0.0,0.0,casa,Daganzo de Arriba,40.5451953,-3.45785,389900.0,24428.0
99,4.0,150.0,2.0,1.0,1.0,Media,1983.0,0.0,E,0.0,1.0,0.0,piso,Alcorcón,40.3492998,-3.8284295,310900.0,27338.0
100,4.0,151.0,2.0,0.0,0.0,Popular,1992.0,1.0,E,0.0,1.0,0.0,piso,Torrejón de Ardoz,40.4587767,-3.4793343,239900.0,77210.0
101,3.0,67.0,1.0,1.0,0.0,Popular,1965.0,0.0,E,0.0,0.0,0.0,piso,Portazgo,40.3914367,-3.6481261,139000.0,23378.0
102,2.0,52.0,1.0,1.0,0.0,Popular,1960.0,0.0,En proceso,0.0,0.0,0.0,piso,Ventas,40.4310642,-3.6635419,148000.0,396.0
103,3.0,105.0,2.0,0.0,0.0,Popular,1980.0,1.0,E,0.0,0.0,0.0,piso,Guadarrama,40.6734454,-4.0893911,162000.0,35742.0
104,3.0,74.0,1.0,0.0,1.0,Popular,1972.0,0.0,En proceso,0.0,0.0,0.0,piso,Parla,40.2373952,-3.7718902,140000.0,47262.0
105,2.0,61.0,1.0,0.0,0.0,Media,1972.0,0.0,E,0.0,1.0,0.0,piso,Alcalá de Henares,40.4818396,-3.3644973,129900.0,38390.0
106,2.0,69.0,2.0,1.0,0.0,Popular,1975.0,1.0,E,0.0,1.0,0.0,piso,Aluche,40.392356,-3.7571096,168000.0,49100.0
107,4.0,106.0,2.0,1.0,0.0,Popular,1995.0,0.0,En proceso,1.0,0.0,0.0,piso,Concepción,40.4395,-3.6479,349000.0,65938.0
108,3.0,67.0,1.0,1.0,1.0,Popular,1974.0,0.0,G,0.0,0.0,0.0,piso,Fuenlabrada,40.282476,-3.7923422,130000.0,37928.0
109,3.0,65.0,1.0,0.0,1.0,Popular,1970.0,0.0,En proceso,0.0,1.0,0.0,piso,Alcalá de Henares,40.4818396,-3.3644973,118900.0,2454.0
110,3.0,115.0,2.0,1.0,0.0,Media,1980.0,1.0,E,1.0,1.0,0.0,piso,Móstoles,40.3238525,-3.8649214,219900.0,25172.0
111,3.0,106.0,1.0,1.0,0.0,Media,1981.0,1.0,En proceso,0.0,1.0,0.0,piso,Portazgo,40.3914367,-3.6481261,147999.0,57247.0
112,2.0,96.0,1.0,0.0,0.0,Media,2005.0,1.0,En proceso,0.0,0.0,0.0,piso,Meco,40.553746,-3.3281561,165000.0,18582.0
113,4.0,155.0,1.0,0.0,0.0,Media,1987.0,0.0,G,0.0,0.0,0.0,casa,Los Santos De La Humosa,40.5012957,-3.2566803,189900.0,54158.0
114,2.0,58.0,1.0,1.0,0.0,Popular,1960.0,0.0,En proceso,1.0,0.0,0.0,piso,Canillejas,40.4416267,-3.6093074,124000.0,18808.0
115,2.0,53.0,1.0,1.0,0.0,Popular,1960.0,0.0,G,0.0,0.0,0.0,piso,Rosas,40.4278,-3.6006,115000.0,26340.0
116,3.0,152.0,3.0,0.0,0.0,Media,2008.0,1.0,En proceso,0.0,0.0,0.0,casa,Villalbilla,40.4323665,-3.2987815,239500.0,3652.0
117,3.0,84.0,1.0,0.0,0.0,Media,1975.0,1.0,En proceso,0.0,1.0,0.0,piso,Móstoles,40.3238525,-3.8649214,179000.0,39172.0
118,3.0,95.0,1.0,1.0,0.0,Popular,1974.0,1.0,E,1.0,0.0,0.0,piso,Aluche,40.392356,-3.7571096,279000.0,40868.0
119,2.0,128.0,2.0,0.0,0.0,Popular,1973.0,1.0,E,0.0,1.0,0.0,piso,Majadahonda,40.473055,-3.8724138,365000.0,9130.0
120,2.0,90.0,1.0,0.0,0.0,Media,1977.0,1.0,G,0.0,1.0,0.0,piso,San Martín de la Vega,40.2110462,-3.5771806,110000.0,12530.0
121,3.0,103.0,2.0,0.0,1.0,Popular,1977.0,1.0,D,0.0,1.0,0.0,piso,Móstoles,40.3238525,-3.8649214,222000.0,20688.0
122,3.0,74.0,1.0,1.0,0.0,Señorial,1968.0,0.0,En proceso,0.0,1.0,0.0,piso,San Isidro,40.3952,-3.7293,155000.0,4260.0
123,5.0,188.0,4.0,0.0,0.0,Popular,2000.0,1.0,D,1.0,0.0,0.0,casa,Alameda de Osuna,40.4575814,-3.5879745,812000.0,215924.0
124,4.0,131.0,2.0,0.0,0.0,Media,1986.0,0.0,E,0.0,0.0,0.0,casa,Villaviciosa de Odón,40.3573787,-3.9002334,399000.0,85410.0
125,1.0,171.0,1.0,1.0,0.0,Media,2007.0,1.0,D,0.0,0.0,0.0,piso,Rivas-Vaciamadrid,40.3536054,-3.5310879,230000.0,114564.0
126,3.0,80.0,1.0,1.0,0.0,Media,1970.0,0.0,G,0.0,0.0,0.0,piso,Carabanchel,40.3742112,-3.744676,170000.0,28580.0
127,3.0,88.0,1.0,1.0,0.0,Popular,1960.0,0.0,E,0.0,1.0,0.0,piso,Almendrales,40.3843762,-3.6992931,220000.0,14214.0
128,2.0,71.0,2.0,1.0,0.0,Media,1900.0,1.0,E,1.0,1.0,0.0,piso,Salamanca,40.4316,-3.679,449000.0,1838.0
129,3.0,54.0,1.0,1.0,1.0,Popular,1960.0,1.0,E,1.0,0.0,0.0,piso,Casco Histórico de Vallecas,40.3773477,-3.6217118,122500.0,2128.0
130,3.0,71.0,2.0,1.0,1.0,Popular,1977.0,1.0,C,0.0,0.0,0.0,piso,Alcobendas,40.5400082,-3.6358494,235000.0,19602.0
131,3.0,49.0,1.0,1.0,0.0,Popular,1960.0,0.0,En proceso,0.0,1.0,0.0,piso,Rosas,40.4278,-3.6006,115000.0,11840.0
132,3.0,66.0,1.0,1.0,0.0,Popular,1955.0,0.0,E,0.0,1.0,0.0,piso,Portazgo,40.3914367,-3.6481261,160000.0,41798.0
133,3.0,136.0,2.0,0.0,0.0,Popular,1975.0,1.0,E,0.0,1.0,0.0,piso,Las Rozas De Madrid,40.4933095,-3.8758396,470000.0,109102.0
134,3.0,116.0,2.0,0.0,0.0,Popular,1991.0,1.0,En proceso,1.0,0.0,0.0,piso,Brunete,40.4050499,-3.9979912,210000.0,20756.0
135,4.0,80.0,1.0,1.0,0.0,Popular,1969.0,0.0,En proceso,0.0,1.0,0.0,piso,Lucero,40.4021568,-3.7511015,238000.0,33718.0
136,4.0,179.0,3.0,1.0,0.0,Popular,1967.0,1.0,E,1.0,0.0,0.0,piso,Ciudad Lineal,40.4484305,-3.650495,475000.0,31252.0
137,2.0,52.0,1.0,1.0,0.0,Popular,1960.0,0.0,F,0.0,1.0,0.0,piso,Concepción,40.4395,-3.6479,199000.0,66306.0
138,2.0,65.0,1.0,1.0,0.0,Señorial,1965.0,1.0,E,0.0,0.0,0.0,piso,Pueblo Nuevo,40.4268,-3.6365,178000.0,22350.0
139,2.0,55.0,1.0,1.0,0.0,Popular,1960.0,1.0,En proceso,0.0,0.0,0.0,piso,Ventas,40.4310642,-3.6635419,155000.0,5936.0
140,3.0,78.0,1.0,1.0,0.0,Señorial,1979.0,0.0,En proceso,1.0,1.0,0.0,piso,Valdeacederas,40.4679108,-3.7034226,298000.0,39496.0
141,3.0,74.0,1.0,0.0,1.0,Popular,1970.0,0.0,En proceso,0.0,0.0,0.0,piso,Parla,40.2373952,-3.7718902,110000.0,18294.0
142,2.0,70.0,1.0,0.0,0.0,Popular,2007.0,1.0,E,0.0,0.0,0.0,piso,Parla,40.2373952,-3.7718902,169900.0,76826.0
143,3.0,110.0,1.0,1.0,0.0,Media,1970.0,1.0,E,1.0,1.0,0.0,piso,Puerta Del Ángel,40.4093544,-3.7337422,239000.0,65738.0
144,3.0,108.0,2.0,0.0,0.0,Media,1998.0,1.0,En proceso,1.0,1.0,0.0,piso,Valdemoro,40.1888604,-3.67143,199000.0,12594.0
145,2.0,61.0,1.0,1.0,0.0,Popular,1960.0,0.0,D,0.0,0.0,0.0,piso,Simancas,40.4362,-3.6248,140000.0,2772.0
146,4.0,94.0,1.0,1.0,1.0,Media,1959.0,1.0,E,0.0,1.0,0.0,piso,Almendrales,40.3843762,-3.6992931,215000.0,19362.0
147,3.0,60.0,1.0,0.0,1.0,Popular,1965.0,1.0,En proceso,0.0,1.0,0.0,piso,Alcalá de Henares,40.4818396,-3.3644973,156000.0,39134.0
148,3.0,111.0,2.0,0.0,0.0,Media,1998.0,1.0,E,0.0,1.0,0.0,piso,Valdemoro,40.1888604,-3.67143,185000.0,20610.0
149,3.0,55.0,1.0,1.0,0.0,Popular,1960.0,0.0,F,0.0,0.0,0.0,piso,Simancas,40.4362,-3.6248,120000.0,924.0
150,3.0,72.0,1.0,0.0,0.0,Media,1974.0,1.0,En proceso,0.0,1.0,0.0,piso,Alcalá de Henares,40.4818396,-3.3644973,139900.0,17062.0
151,3.0,102.0,1.0,1.0,0.0,Popular,1986.0,0.0,E,0.0,0.0,0.0,piso,Portazgo,40.3914367,-3.6481261,199000.0,9326.0
152,2.0,50.0,2.0,1.0,0.0,Media,1965.0,1.0,D,1.0,0.0,0.0,piso,Latina,40.3914,-3.7576,169000.0,22080.0
153,3.0,75.0,1.0,0.0,0.0,Popular,1974.0,0.0,En proceso,0.0,0.0,0.0,piso,Ciempozuelos,40.1580087,-3.6205514,143000.0,77194.0
154,3.0,58.0,1.0,1.0,0.0,Popular,1964.0,0.0,E,0.0,0.0,0.0,piso,Latina,40.3914,-3.7576,170000.0,21628.0
155,3.0,137.0,2.0,0.0,0.0,Señorial,2005.0,0.0,D,0.0,0.0,0.0,piso,Villanueva del Pardillo,40.4949232,-3.9600065,395000.0,66090.0
156,3.0,148.0,2.0,0.0,0.0,Popular,2001.0,0.0,F,1.0,0.0,0.0,piso,Alcalá de Henares,40.4818396,-3.3644973,265000.0,42742.0
157,3.0,100.0,2.0,1.0,0.0,Media,1979.0,1.0,E,1.0,1.0,0.0,piso,Aluche,40.392356,-3.7571096,315000.0,31900.0
158,3.0,71.0,1.0,1.0,0.0,Popular,1965.0,0.0,E,1.0,0.0,0.0,piso,Carabanchel,40.3742112,-3.744676,150000.0,1384.0
159,3.0,126.0,2.0,0.0,0.0,Popular,1973.0,1.0,E,0.0,1.0,0.0,piso,Majadahonda,40.473055,-3.8724138,439000.0,83794.0
160,3.0,92.0,1.0,0.0,0.0,Popular,1965.0,0.0,E,0.0,0.0,0.0,piso,Majadahonda,40.473055,-3.8724138,229000.0,14094.0
161,4.0,210.0,3.0,1.0,0.0,Señorial,1978.0,1.0,En proceso,0.0,1.0,0.0,atico,Concepción,40.4395,-3.6479,1100000.0,392042.0
162,5.0,150.0,1.0,0.0,0.0,Popular,1960.0,1.0,En proceso,0.0,0.0,0.0,piso,Loeches,40.3837901,-3.4092281,109900.0,74576.0
163,3.0,60.0,1.0,1.0,0.0,Popular,1940.0,1.0,E,1.0,0.0,0.0,casa,Orcasitas,40.3691419,-3.7098741,199000.0,121664.0
164,1.0,42.0,1.0,1.0,1.0,Popular,1977.0,0.0,C,0.0,0.0,0.0,piso,Alcobendas,40.5400082,-3.6358494,150000.0,9270.0
165,3.0,115.0,2.0,1.0,1.0,Señorial,1999.0,0.0,En proceso,0.0,0.0,0.0,piso,adelfas,40.4019026,-3.6709579,515000.0,56740.0
166,3.0,112.0,2.0,0.0,1.0,Media,1980.0,1.0,E,0.0,1.0,0.0,piso,Orcasitas,40.3691419,-3.7098741,169000.0,79052.0
167,3.0,75.0,1.0,1.0,1.0,Media,1982.0,1.0,E,0.0,1.0,0.0,piso,Fuenlabrada,40.282476,-3.7923422,149900.0,19792.0
168,2.0,70.0,1.0,1.0,0.0,Media,1961.0,0.0,E,0.0,1.0,0.0,piso,Concepción,40.4395,-3.6479,199000.0,89626.0
169,3.0,80.0,1.0,1.0,0.0,Popular,1960.0,0.0,D,0.0,0.0,0.0,piso,Simancas,40.4362,-3.6248,210000.0,29944.0
170,2.0,102.0,2.0,0.0,0.0,Señorial,2006.0,1.0,C,0.0,0.0,0.0,casa,Canillejas,40.4416267,-3.6093074,339000.0,73496.0
171,3.0,74.0,1.0,1.0,1.0,Popular,1900.0,0.0,E,0.0,0.0,0.0,piso,Embajadores,40.4095856,-3.7029851,325000.0,47660.0
172,2.0,92.0,2.0,0.0,0.0,Popular,2004.0,1.0,En proceso,0.0,1.0,0.0,piso,Brunete,40.4050499,-3.9979912,239000.0,49396.0
173,3.0,100.0,2.0,0.0,0.0,Media,1997.0,1.0,En proceso,1.0,0.0,0.0,piso,Mejorada del Campo,40.3971785,-3.4896068,249900.0,25820.0
174,3.0,89.0,1.0,1.0,0.0,Popular,1967.0,0.0,F,0.0,0.0,0.0,piso,Pilar,40.4758,-3.709,275000.0,12068.0
175,2.0,78.0,1.0,0.0,1.0,Media,1996.0,1.0,En proceso,1.0,0.0,0.0,piso,Pinto,40.240985,-3.7005072,157000.0,2240.0
176,5.0,137.0,2.0,1.0,1.0,Media,1910.0,1.0,D,0.0,1.0,0.0,piso,Casa de Campo,40.4241907,-3.755858019564672,675000.0,96914.0
177,4.0,107.0,2.0,1.0,0.0,Popular,1969.0,1.0,E,0.0,1.0,0.0,piso,Barajas,40.4733176,-3.5798446,370000.0,23614.0
178,2.0,52.0,1.0,1.0,0.0,Popular,1900.0,0.0,En proceso,0.0,1.0,0.0,piso,Justicia,40.4232759,-3.6966805,250000.0,24522.0
179,3.0,132.0,2.0,1.0,0.0,Señorial,1977.0,1.0,En proceso,1.0,1.0,0.0,piso,vinateros,40.4051965,-3.6415467,420000.0,10222.0
180,2.0,46.0,1.0,1.0,0.0,Media,1950.0,1.0,E,1.0,1.0,0.0,piso,Salamanca,40.4316,-3.679,289000.0,112482.0
181,3.0,98.0,2.0,1.0,0.0,Popular,2008.0,0.0,En proceso,0.0,1.0,0.0,piso,Leganés,40.3281942,-3.76527,350000.0,121636.0
182,3.0,99.0,2.0,0.0,0.0,Popular,1994.0,0.0,E,0.0,0.0,0.0,piso,Collado Villalba,40.6431496,-3.9930128,219000.0,26486.0
183,3.0,104.0,2.0,1.0,1.0,Popular,1973.0,1.0,E,0.0,1.0,0.0,piso,Alcorcón,40.3492998,-3.8284295,225000.0,35222.0
184,3.0,66.0,1.0,1.0,0.0,Popular,1965.0,1.0,E,0.0,1.0,0.0,piso,Pilar,40.4758,-3.709,235000.0,1648.0
185,4.0,145.0,3.0,0.0,0.0,Media,2015.0,1.0,En proceso,1.0,0.0,0.0,casa,Arroyomolinos,40.27,-3.9178,479000.0,251090.0
186,1.0,63.0,1.0,1.0,0.0,Popular,1979.0,1.0,En proceso,0.0,0.0,0.0,piso,Carabanchel,40.3742112,-3.744676,145000.0,13124.0
187,2.0,64.0,1.0,1.0,1.0,Media,1900.0,0.0,E,0.0,0.0,0.0,piso,Palacio,40.4153295,-3.7147092,279900.0,64082.0
188,3.0,79.0,1.0,1.0,0.0,Media,1975.0,1.0,En proceso,0.0,0.0,0.0,piso,Arganda del Rey,40.3007708,-3.4380688,115000.0,658.0
189,3.0,85.0,1.0,0.0,0.0,Media,1971.0,1.0,En proceso,1.0,1.0,0.0,piso,Móstoles,40.3238525,-3.8649214,179900.0,29272.0
190,3.0,80.0,1.0,1.0,0.0,De época,1970.0,1.0,E,0.0,1.0,0.0,piso,Salvador,40.4439,-3.6323,255000.0,17746.0
191,3.0,90.0,2.0,1.0,1.0,Popular,1969.0,0.0,G,1.0,1.0,0.0,piso,Cuatro Vientos,40.3778953,-3.7919717,215000.0,50894.0
192,2.0,58.0,1.0,1.0,0.0,Popular,1963.0,1.0,G,0.0,1.0,0.0,piso,Vista Alegre,40.3852,-3.7454,138000.0,33562.0
193,3.0,116.0,2.0,1.0,0.0,Media,2007.0,0.0,E,0.0,1.0,0.0,piso,Portazgo,40.3914367,-3.6481261,219000.0,40134.0
194,2.0,144.0,2.0,0.0,0.0,Popular,2003.0,1.0,E,1.0,0.0,0.0,piso,Loeches,40.3837901,-3.4092281,175000.0,52520.0
195,7.0,237.0,4.0,0.0,1.0,Señorial,1989.0,1.0,E,1.0,0.0,0.0,piso,Torrelodones,40.5762809,-3.928603,485000.0,187406.0
196,3.0,83.0,2.0,0.0,0.0,Popular,1982.0,0.0,En proceso,0.0,0.0,0.0,piso,Ciempozuelos,40.1580087,-3.6205514,146000.0,31710.0
197,3.0,147.0,2.0,1.0,1.0,Popular,1945.0,1.0,G,0.0,0.0,0.0,piso,Embajadores,40.4095856,-3.7029851,430000.0,30536.0
198,4.0,156.0,2.0,0.0,0.0,Media,1986.0,0.0,En proceso,0.0,0.0,1.0,casa,Villaviciosa de Odón,40.3573787,-3.9002334,389000.0,37030.0
199,2.0,86.0,1.0,0.0,0.0,De época,1990.0,0.0,En proceso,1.0,1.0,0.0,piso,Valdemoro,40.1888604,-3.67143,107260.0,40062.0
200,2.0,67.0,1.0,1.0,0.0,Media,1970.0,1.0,E,1.0,1.0,0.0,piso,Fuente del Berro,40.424977,-3.6636998,392000.0,26372.0
201,1.0,34.0,1.0,1.0,0.0,Media,1947.0,0.0,E,0.0,0.0,0.0,piso,Fuente del Berro,40.424977,-3.6636998,185000.0,78512.0
202,4.0,154.0,2.0,0.0,0.0,Media,2002.0,1.0,E,1.0,1.0,0.0,piso,Torrejón de Ardoz,40.4587767,-3.4793343,489900.0,157250.0
203,3.0,184.0,2.0,1.0,0.0,Media,1963.0,1.0,G,0.0,0.0,0.0,piso,Leganés,40.3281942,-3.76527,289900.0,52968.0
204,3.0,73.0,1.0,0.0,0.0,Popular,1976.0,1.0,En proceso,0.0,1.0,0.0,piso,Torrejón de Ardoz,40.4587767,-3.4793343,149900.0,14474.0
205,4.0,250.0,3.0,0.0,0.0,Popular,2000.0,1.0,En proceso,1.0,0.0,1.0,casa,Alcalá de Henares,40.4818396,-3.3644973,424000.0,71430.0
206,3.0,125.0,2.0,1.0,0.0,Media,1976.0,0.0,C,0.0,0.0,0.0,piso,Alameda de Osuna,40.4575814,-3.5879745,395000.0,1116.0
207,4.0,135.0,2.0,0.0,1.0,Señorial,1978.0,1.0,E,1.0,0.0,0.0,piso,Alcalá de Henares,40.4818396,-3.3644973,340000.0,21170.0
208,3.0,130.0,2.0,1.0,1.0,Popular,1978.0,0.0,En proceso,0.0,0.0,0.0,piso,Latina,40.3914,-3.7576,430000.0,99800.0
209,4.0,90.0,1.0,0.0,0.0,Media,1975.0,1.0,En proceso,0.0,0.0,0.0,piso,Móstoles,40.3238525,-3.8649214,228000.0,83912.0
210,3.0,144.0,2.0,0.0,0.0,Popular,2007.0,0.0,En proceso,0.0,0.0,0.0,piso,Arroyomolinos,40.27,-3.9178,318000.0,115314.0
211,3.0,70.0,1.0,1.0,0.0,Popular,1970.0,0.0,E,0.0,0.0,0.0,piso,Getafe,40.3081807,-3.7302679,149990.0,21564.0
212,1.0,73.0,1.0,1.0,1.0,Popular,1976.0,0.0,F,1.0,0.0,0.0,piso,Getafe,40.3081807,-3.7302679,149990.0,10000.0
213,3.0,79.0,1.0,1.0,0.0,Popular,1955.0,0.0,E,1.0,1.0,0.0,piso,Opañel,40.3903949,-3.7221926,168000.0,30262.0
214,2.0,38.0,1.0,1.0,0.0,Popular,1940.0,0.0,F,1.0,0.0,0.0,piso,Valdeacederas,40.4679108,-3.7034226,135000.0,3752.0
215,2.0,66.0,1.0,0.0,1.0,Media,1965.0,1.0,En proceso,0.0,1.0,0.0,piso,Alcalá de Henares,40.4818396,-3.3644973,125000.0,6326.0
216,3.0,105.0,2.0,1.0,1.0,Señorial,1970.0,0.0,En proceso,0.0,0.0,0.0,piso,Embajadores,40.4095856,-3.7029851,405000.0,20356.0
217,3.0,118.0,1.0,1.0,1.0,Media,1993.0,1.0,E,0.0,1.0,0.0,piso,San Diego,40.3881,-3.6677,199990.0,30576.0
218,4.0,142.0,2.0,1.0,1.0,Media,1999.0,0.0,E,1.0,1.0,0.0,piso,Cuatro Vientos,40.3778953,-3.7919717,495000.0,113946.0
219,3.0,68.0,2.0,0.0,1.0,Popular,1997.0,1.0,E,1.0,0.0,0.0,piso,Las Rozas De Madrid,40.4933095,-3.8758396,267500.0,2370.0
220,3.0,66.0,1.0,1.0,0.0,Media,1972.0,1.0,E,1.0,1.0,0.0,piso,Aluche,40.392356,-3.7571096,170000.0,18148.0
221,3.0,110.0,2.0,1.0,0.0,Popular,1988.0,0.0,E,1.0,0.0,0.0,piso,Rivas-Vaciamadrid,40.3536054,-3.5310879,189900.0,62896.0
222,3.0,80.0,1.0,1.0,1.0,Señorial,1975.0,0.0,En proceso,0.0,0.0,0.0,piso,Alcobendas,40.5400082,-3.6358494,199000.0,60002.0
223,3.0,60.0,1.0,1.0,0.0,Media,1966.0,1.0,En proceso,0.0,0.0,0.0,piso,Carabanchel,40.3742112,-3.744676,135000.0,15412.0
224,2.0,79.0,1.0,1.0,0.0,Media,1990.0,0.0,D,0.0,1.0,0.0,piso,Hortaleza,40.4725491,-3.6425515,400000.0,85958.0
225,3.0,87.0,1.0,0.0,1.0,Popular,1976.0,1.0,En proceso,1.0,0.0,0.0,piso,Parla,40.2373952,-3.7718902,129900.0,6558.0
226,2.0,81.0,1.0,1.0,0.0,Media,1975.0,1.0,B,1.0,1.0,0.0,piso,Móstoles,40.3238525,-3.8649214,144900.0,46088.0
227,2.0,47.0,2.0,0.0,0.0,Media,2007.0,0.0,En proceso,1.0,0.0,0.0,piso,Camarma de Esteruelas,40.5490368,-3.3786211,139900.0,88020.0
228,3.0,77.0,1.0,1.0,1.0,Popular,1973.0,1.0,En proceso,1.0,1.0,0.0,piso,Alcorcón,40.3492998,-3.8284295,199000.0,6074.0
229,2.0,79.0,1.0,1.0,1.0,Media,1965.0,1.0,D,1.0,0.0,0.0,piso,Villaverde,40.3511231,-3.6997748,127000.0,31098.0
230,3.0,120.0,2.0,1.0,0.0,Señorial,1965.0,1.0,E,1.0,1.0,0.0,piso,Salamanca,40.4316,-3.679,894000.0,286422.0
231,2.0,83.0,1.0,0.0,0.0,Media,1963.0,1.0,En proceso,0.0,0.0,0.0,casa,Los Santos De La Humosa,40.5012957,-3.2566803,87500.0,83742.0
232,2.0,65.0,1.0,1.0,0.0,Media,1973.0,1.0,E,1.0,1.0,0.0,piso,vinateros,40.4051965,-3.6415467,180000.0,41638.0
233,4.0,154.0,3.0,1.0,1.0,Media,1990.0,0.0,D,0.0,1.0,0.0,casa,Valdeacederas,40.4679108,-3.7034226,345000.0,82268.0
234,2.0,89.0,2.0,1.0,1.0,Popular,1994.0,1.0,E,0.0,0.0,0.0,piso,Lucero,40.4021568,-3.7511015,254000.0,14914.0
235,3.0,97.0,2.0,1.0,0.0,Media,1986.0,1.0,E,0.0,1.0,0.0,piso,Rivas-Vaciamadrid,40.3536054,-3.5310879,210000.0,17788.0
236,3.0,152.0,2.0,1.0,1.0,Media,1982.0,1.0,F,0.0,1.0,0.0,piso,Cuatro Vientos,40.3778953,-3.7919717,378000.0,9130.0
237,3.0,106.0,2.0,1.0,0.0,Popular,1970.0,0.0,E,0.0,1.0,0.0,piso,vinateros,40.4051965,-3.6415467,370000.0,55050.0
238,5.0,125.0,3.0,0.0,1.0,Popular,1974.0,1.0,E,0.0,1.0,0.0,piso,Collado Villalba,40.6431496,-3.9930128,299000.0,3078.0
239,3.0,80.0,1.0,1.0,0.0,Señorial,1953.0,1.0,En proceso,1.0,0.0,0.0,piso,Ventas,40.4310642,-3.6635419,240000.0,2232.0
240,3.0,90.0,1.0,1.0,0.0,Popular,1976.0,0.0,E,0.0,0.0,0.0,piso,Canillas,40.4618893,-3.6433517,364000.0,102774.0
241,3.0,57.0,1.0,1.0,0.0,Popular,1960.0,0.0,En proceso,0.0,0.0,0.0,piso,Canillejas,40.4416267,-3.6093074,129999.0,2897.0
242,2.0,53.0,1.0,1.0,1.0,Media,1960.0,1.0,F,1.0,0.0,0.0,piso,Casco Histórico de Vallecas,40.3773477,-3.6217118,134900.0,21728.0
243,1.0,51.0,1.0,1.0,1.0,Popular,2007.0,0.0,E,1.0,1.0,0.0,piso,Comillas,40.393,-3.712,128000.0,90626.0
244,4.0,95.0,1.0,1.0,1.0,Media,1975.0,1.0,En proceso,0.0,1.0,0.0,piso,Móstoles,40.3238525,-3.8649214,179900.0,3060.0
245,5.0,261.0,3.0,0.0,0.0,Popular,2004.0,0.0,B,1.0,0.0,0.0,casa,Rivas-Vaciamadrid,40.3536054,-3.5310879,550000.0,30776.0
246,3.0,75.0,1.0,1.0,0.0,Popular,1974.0,1.0,E,1.0,0.0,0.0,piso,Leganés,40.3281942,-3.76527,156900.0,9212.0
247,3.0,70.0,1.0,1.0,1.0,Popular,1970.0,0.0,G,0.0,0.0,0.0,piso,Getafe,40.3081807,-3.7302679,120000.0,13794.0
248,3.0,191.0,2.0,1.0,0.0,Señorial,1970.0,0.0,C,0.0,0.0,0.0,casa,Canillejas,40.4416267,-3.6093074,549000.0,139324.0
249,3.0,67.0,2.0,1.0,0.0,Media,1966.0,0.0,E,0.0,0.0,0.0,piso,Ciudad Lineal,40.4484305,-3.650495,195000.0,11260.0
250,3.0,95.0,1.0,1.0,1.0,Popular,1970.0,0.0,En proceso,1.0,1.0,0.0,piso,San Diego,40.3881,-3.6677,160000.0,27542.0
251,2.0,63.0,1.0,1.0,0.0,Popular,1960.0,0.0,D,0.0,0.0,0.0,piso,Pueblo Nuevo,40.4268,-3.6365,129000.0,49926.0
252,1.0,39.0,1.0,1.0,0.0,Media,1935.0,1.0,En proceso,0.0,1.0,0.0,piso,chamberí,40.4389621,-3.705302,219000.0,167806.0
253,2.0,73.0,1.0,0.0,0.0,Media,1961.0,1.0,G,0.0,1.0,0.0,piso,Aranjuez,40.03221,-3.6039604,135000.0,87790.0
254,3.0,77.0,1.0,1.0,1.0,Media,1970.0,1.0,E,0.0,1.0,0.0,piso,Coslada,40.423802,-3.5552882,130000.0,19570.0
255,1.0,35.0,1.0,1.0,1.0,Media,1960.0,0.0,G,0.0,0.0,0.0,piso,San Diego,40.3881,-3.6677,83000.0,50834.0
256,5.0,223.0,2.0,0.0,0.0,Señorial,1990.0,1.0,E,1.0,0.0,1.0,casa,Colmenar Viejo,40.6587726,-3.7659722,420000.0,59350.0
257,3.0,84.0,1.0,0.0,1.0,Media,1970.0,1.0,En proceso,0.0,1.0,0.0,piso,Torrejón de Ardoz,40.4587767,-3.4793343,155000.0,5394.0
258,3.0,76.0,1.0,1.0,1.0,Media,1979.0,1.0,E,0.0,1.0,0.0,piso,Fuenlabrada,40.282476,-3.7923422,139900.0,9528.0
259,4.0,208.0,2.0,0.0,0.0,Señorial,1997.0,0.0,E,0.0,0.0,0.0,casa,Colmenar Viejo,40.6587726,-3.7659722,440000.0,1870.0
260,4.0,95.0,2.0,1.0,0.0,Media,1974.0,1.0,E,1.0,1.0,0.0,piso,Peñagrande,40.4789641,-3.7258417,465000.0,122576.0
261,3.0,73.0,1.0,1.0,1.0,Media,1978.0,1.0,E,0.0,1.0,0.0,piso,Fuenlabrada,40.282476,-3.7923422,159900.0,35464.0
262,2.0,60.0,1.0,1.0,0.0,Popular,2008.0,0.0,C,1.0,0.0,0.0,piso,Latina,40.3914,-3.7576,318000.0,135396.0
263,3.0,121.0,2.0,1.0,1.0,Señorial,1999.0,1.0,E,0.0,1.0,0.0,piso,Coslada,40.423802,-3.5552882,257500.0,48210.0
264,7.0,243.0,2.0,0.0,1.0,Popular,1965.0,0.0,En proceso,0.0,0.0,0.0,casa,Ciempozuelos,40.1580087,-3.6205514,128700.0,266366.0
265,3.0,125.0,1.0,0.0,0.0,Media,2001.0,0.0,En proceso,0.0,0.0,0.0,casa,Meco,40.553746,-3.3281561,189000.0,22058.0
266,5.0,164.0,3.0,0.0,0.0,Popular,1994.0,0.0,En proceso,0.0,0.0,0.0,casa,Alcalá de Henares,40.4818396,-3.3644973,556000.0,227130.0
267,2.0,41.0,1.0,1.0,1.0,Popular,1920.0,0.0,D,0.0,1.0,0.0,piso,Embajadores,40.4095856,-3.7029851,239000.0,13184.0
268,3.0,85.0,1.0,1.0,1.0,Media,1972.0,0.0,E,0.0,1.0,0.0,piso,Fuenlabrada,40.282476,-3.7923422,155000.0,19084.0
269,3.0,91.0,2.0,0.0,0.0,Popular,1982.0,1.0,En proceso,1.0,1.0,0.0,piso,Alcalá de Henares,40.4818396,-3.3644973,169900.0,38430.0
270,3.0,72.0,1.0,1.0,1.0,Popular,1970.0,0.0,En proceso,0.0,1.0,0.0,piso,Leganés,40.3281942,-3.76527,155000.0,8816.0
271,3.0,82.0,1.0,0.0,0.0,Media,1972.0,1.0,En proceso,1.0,1.0,0.0,piso,Móstoles,40.3238525,-3.8649214,159900.0,14176.0
272,3.0,154.0,2.0,0.0,1.0,Popular,2013.0,1.0,En proceso,1.0,0.0,0.0,piso,Pinto,40.240985,-3.7005072,278000.0,66260.0
273,3.0,57.0,1.0,1.0,1.0,Media,1969.0,0.0,E,0.0,1.0,0.0,piso,Villaverde,40.3511231,-3.6997748,129000.0,31886.0
274,4.0,103.0,2.0,1.0,0.0,Media,1988.0,1.0,En proceso,0.0,1.0,0.0,piso,Portazgo,40.3914367,-3.6481261,225000.0,11290.0
275,2.0,83.0,1.0,1.0,0.0,Popular,1958.0,0.0,E,0.0,0.0,0.0,piso,Vista Alegre,40.3852,-3.7454,165000.0,41410.0
276,3.0,76.0,1.0,1.0,0.0,Media,1970.0,1.0,En proceso,0.0,0.0,0.0,piso,moratalaz,40.4059332,-3.6448737,170000.0,1998.0
277,3.0,70.0,1.0,1.0,1.0,Media,1979.0,1.0,G,0.0,1.0,0.0,piso,Fuenlabrada,40.282476,-3.7923422,119900.0,9268.0
278,3.0,65.0,1.0,1.0,0.0,Popular,1970.0,1.0,G,1.0,0.0,0.0,piso,Getafe,40.3081807,-3.7302679,133990.0,5320.0
279,3.0,79.0,1.0,1.0,0.0,Popular,1969.0,0.0,E,1.0,0.0,0.0,piso,Moscardo,40.3890429,-3.7057718,172500.0,5306.0
280,4.0,137.0,2.0,1.0,1.0,Media,1988.0,0.0,E,1.0,1.0,0.0,piso,Móstoles,40.3238525,-3.8649214,250000.0,49036.0
281,3.0,73.0,1.0,1.0,0.0,Media,1970.0,0.0,E,1.0,1.0,0.0,piso,Chamartín,40.4685,-3.681,319000.0,8826.0
282,3.0,95.0,1.0,0.0,0.0,Popular,1965.0,0.0,E,0.0,0.0,0.0,casa,Majadahonda,40.473055,-3.8724138,300000.0,77138.0
283,2.0,47.0,1.0,1.0,0.0,Popular,1960.0,1.0,E,1.0,0.0,0.0,piso,Moscardo,40.3890429,-3.7057718,125000.0,5478.0
284,3.0,82.0,1.0,1.0,0.0,Media,1976.0,0.0,E,1.0,1.0,0.0,piso,Coslada,40.423802,-3.5552882,162000.0,10634.0
285,3.0,63.0,1.0,1.0,1.0,Popular,1970.0,0.0,F,0.0,0.0,0.0,piso,Getafe,40.3081807,-3.7302679,157000.0,23318.0
286,3.0,75.0,1.0,1.0,0.0,Popular,1970.0,0.0,En proceso,1.0,0.0,0.0,piso,Carabanchel,40.3742112,-3.744676,159900.0,1132.0
287,2.0,40.0,2.0,1.0,1.0,Media,1984.0,1.0,E,1.0,1.0,0.0,piso,pacífico,40.4039,-3.6786,185000.0,87436.0
288,4.0,91.0,2.0,1.0,0.0,Media,1975.0,1.0,F,0.0,1.0,0.0,piso,Alcorcón,40.3492998,-3.8284295,279000.0,54994.0
289,3.0,60.0,1.0,1.0,1.0,Media,1966.0,0.0,E,0.0,0.0,0.0,piso,San Cristóbal,40.3409,-3.6885,85000.0,710.0
290,2.0,36.0,1.0,1.0,0.0,Popular,1970.0,1.0,E,0.0,0.0,0.0,piso,Canillas,40.4618893,-3.6433517,150000.0,14730.0
291,2.0,63.0,1.0,1.0,1.0,Media,1969.0,1.0,En proceso,0.0,1.0,0.0,piso,Alcorcón,40.3492998,-3.8284295,139500.0,5986.0
292,3.0,76.0,1.0,1.0,0.0,Popular,1970.0,1.0,G,1.0,0.0,0.0,piso,Universidad,40.425426,-3.7060234,145000.0,26220.0
293,3.0,125.0,2.0,0.0,0.0,Popular,2007.0,1.0,E,1.0,1.0,0.0,piso,Valdemoro,40.1888604,-3.67143,215000.0,37670.0
294,2.0,46.0,1.0,1.0,1.0,Popular,1900.0,0.0,E,0.0,0.0,0.0,piso,Embajadores,40.4095856,-3.7029851,200000.0,23796.0
295,1.0,33.0,1.0,1.0,1.0,Popular,1923.0,1.0,En proceso,0.0,0.0,0.0,piso,Embajadores,40.4095856,-3.7029851,129000.0,87660.0
296,2.0,60.0,1.0,1.0,0.0,Popular,1967.0,1.0,E,0.0,1.0,0.0,piso,Carabanchel,40.3742112,-3.744676,135000.0,2588.0
297,4.0,261.0,1.0,0.0,0.0,Media,1975.0,1.0,G,1.0,0.0,0.0,piso,Mejorada del Campo,40.3971785,-3.4896068,242000.0,225472.0
298,6.0,299.0,3.0,0.0,0.0,Señorial,2005.0,1.0,E,1.0,0.0,0.0,casa,Valdemoro,40.1888604,-3.67143,369000.0,226350.0
299,3.0,110.0,2.0,1.0,1.0,Popular,1979.0,1.0,En proceso,1.0,1.0,0.0,piso,Villa de Vallecas,40.3739576,-3.6121632,355000.0,71000.0
300,5.0,190.0,1.0,0.0,0.0,Popular,1980.0,1.0,E,0.0,0.0,0.0,piso,Tres Cantos,40.6065826,-3.7065333,440000.0,41402.0
301,2.0,70.0,1.0,0.0,1.0,Popular,2011.0,0.0,En proceso,0.0,0.0,0.0,piso,Ciempozuelos,40.1580087,-3.6205514,119500.0,32378.0
302,3.0,72.0,1.0,1.0,0.0,Popular,1967.0,0.0,E,0.0,1.0,0.0,piso,Peñagrande,40.4789641,-3.7258417,197500.0,54812.0
303,3.0,116.0,2.0,0.0,1.0,Señorial,1980.0,1.0,En proceso,1.0,1.0,0.0,atico,Parla,40.2373952,-3.7718902,220000.0,88698.0
304,3.0,133.0,2.0,0.0,0.0,Media,1979.0,1.0,E,1.0,1.0,0.0,piso,San Martín de la Vega,40.2110462,-3.5771806,224900.0,4110.0
305,4.0,253.0,3.0,0.0,0.0,Popular,2001.0,1.0,E,0.0,0.0,0.0,casa,Valdemoro,40.1888604,-3.67143,280000.0,187498.0
306,3.0,124.0,2.0,0.0,1.0,Popular,1982.0,1.0,F,1.0,1.0,0.0,piso,Villaverde,40.3511231,-3.6997748,198000.0,78626.0
307,2.0,86.0,1.0,1.0,0.0,Popular,1977.0,1.0,E,1.0,1.0,0.0,piso,Berruguete,40.4602706,-3.7043452,229000.0,93808.0
308,3.0,80.0,1.0,1.0,0.0,Media,1969.0,1.0,E,0.0,0.0,0.0,piso,Aluche,40.392356,-3.7571096,150000.0,41316.0
309,1.0,70.0,1.0,1.0,0.0,Popular,1953.0,0.0,En proceso,0.0,0.0,0.0,piso,Barajas,40.4733176,-3.5798446,338000.0,74534.0
310,3.0,60.0,1.0,1.0,1.0,Popular,1969.0,0.0,G,0.0,0.0,0.0,piso,Universidad,40.425426,-3.7060234,102000.0,16556.0
311,3.0,77.0,1.0,1.0,1.0,Media,1967.0,1.0,En proceso,1.0,1.0,0.0,piso,Alcorcón,40.3492998,-3.8284295,119000.0,64758.0
312,2.0,115.0,1.0,1.0,0.0,De época,1958.0,1.0,E,1.0,0.0,0.0,piso,Latina,40.3914,-3.7576,299000.0,22000.0
313,4.0,120.0,2.0,1.0,0.0,Popular,1973.0,1.0,E,0.0,0.0,0.0,piso,Aluche,40.392356,-3.7571096,346000.0,41404.0
314,3.0,79.0,1.0,0.0,1.0,Popular,1975.0,1.0,En proceso,1.0,1.0,0.0,piso,Parla,40.2373952,-3.7718902,125000.0,6018.0
315,3.0,50.0,1.0,1.0,0.0,Popular,1980.0,1.0,E,1.0,1.0,0.0,piso,Pilar,40.4758,-3.709,235000.0,11788.0
316,3.0,77.0,1.0,1.0,0.0,Media,1970.0,1.0,G,1.0,1.0,0.0,piso,Puerta Del Ángel,40.4093544,-3.7337422,185000.0,51214.0
317,4.0,123.0,2.0,1.0,0.0,Popular,1980.0,1.0,G,1.0,1.0,0.0,piso,Pinar del Rey,40.4724696,-3.6489613,345000.0,31998.0
318,3.0,70.0,1.0,1.0,0.0,Popular,1970.0,0.0,E,1.0,0.0,0.0,piso,Carabanchel,40.3742112,-3.744676,125000.0,24380.0
319,3.0,114.0,2.0,1.0,1.0,Popular,1982.0,0.0,E,0.0,1.0,0.0,piso,Leganés,40.3281942,-3.76527,275000.0,17192.0
320,6.0,268.0,2.0,1.0,1.0,Señorial,1921.0,1.0,En proceso,1.0,0.0,0.0,piso,chamberí,40.4389621,-3.705302,1350000.0,464358.0
321,2.0,86.0,1.0,0.0,1.0,Popular,1976.0,0.0,En proceso,0.0,0.0,0.0,piso,Collado Villalba,40.6431496,-3.9930128,155500.0,13990.0
322,3.0,147.0,2.0,1.0,0.0,Popular,1978.0,1.0,En proceso,1.0,1.0,0.0,piso,Arganda del Rey,40.3007708,-3.4380688,299000.0,2350.0
323,1.0,57.0,1.0,0.0,1.0,Media,1967.0,0.0,F,0.0,0.0,0.0,casa,Torrejón de Ardoz,40.4587767,-3.4793343,99000.0,33850.0
324,4.0,105.0,2.0,0.0,1.0,Popular,1989.0,1.0,E,0.0,1.0,0.0,piso,Collado Villalba,40.6431496,-3.9930128,235000.0,358.0
325,4.0,219.0,3.0,0.0,0.0,Media,2002.0,1.0,En proceso,1.0,0.0,0.0,casa,San Sebastián de los Reyes,40.5473698,-3.6260586,585000.0,92520.0
326,3.0,93.0,2.0,0.0,0.0,Popular,1996.0,0.0,En proceso,0.0,0.0,0.0,piso,Ciempozuelos,40.1580087,-3.6205514,159000.0,19434.0
327,2.0,120.0,2.0,0.0,0.0,Popular,2007.0,0.0,En proceso,0.0,0.0,0.0,piso,Boadilla del Monte,40.4053485,-3.8764663,379000.0,74436.0
328,3.0,195.0,2.0,0.0,0.0,Media,2007.0,0.0,En proceso,1.0,1.0,0.0,piso,Parla,40.2373952,-3.7718902,379000.0,19462.0
329,4.0,121.0,2.0,1.0,0.0,Popular,1981.0,1.0,E,1.0,1.0,0.0,piso,Peñagrande,40.4789641,-3.7258417,390000.0,9088.0
330,2.0,65.0,1.0,1.0,0.0,Media,1965.0,1.0,E,0.0,1.0,0.0,piso,Aluche,40.392356,-3.7571096,170000.0,1264.0
331,2.0,40.0,1.0,1.0,1.0,Popular,1961.0,0.0,En proceso,0.0,0.0,0.0,piso,Latina,40.3914,-3.7576,130000.0,4032.0
332,3.0,63.0,2.0,1.0,1.0,Media,1965.0,1.0,G,1.0,0.0,0.0,piso,Comillas,40.393,-3.712,235000.0,2122.0
333,1.0,57.0,2.0,1.0,0.0,Popular,2008.0,0.0,F,1.0,1.0,0.0,piso,Salvador,40.4439,-3.6323,172000.0,61338.0
334,3.0,97.0,1.0,0.0,0.0,Popular,1981.0,1.0,En proceso,0.0,1.0,0.0,piso,Fuenlabrada,40.282476,-3.7923422,167000.0,11524.0
335,3.0,78.0,1.0,1.0,0.0,Media,1980.0,1.0,E,1.0,1.0,0.0,piso,Coslada,40.423802,-3.5552882,171700.0,18382.0
336,3.0,104.0,2.0,0.0,0.0,Media,1975.0,1.0,En proceso,0.0,0.0,0.0,piso,Móstoles,40.3238525,-3.8649214,225000.0,28652.0
337,2.0,83.0,1.0,1.0,0.0,Popular,1958.0,0.0,E,0.0,0.0,0.0,piso,Vista Alegre,40.3852,-3.7454,155000.0,51410.0
338,3.0,58.0,1.0,1.0,0.0,Media,1963.0,0.0,E,0.0,1.0,0.0,piso,Numancia,40.3995283,-3.6596765,99000.0,42942.0
339,3.0,84.0,1.0,1.0,1.0,Media,1984.0,1.0,E,0.0,1.0,0.0,piso,Móstoles,40.3238525,-3.8649214,169000.0,4588.0
340,2.0,80.0,1.0,1.0,0.0,Media,1972.0,1.0,En proceso,1.0,1.0,0.0,piso,Pinar del Rey,40.4724696,-3.6489613,240000.0,22538.0
341,3.0,117.0,2.0,1.0,0.0,Media,1982.0,0.0,E,0.0,1.0,0.0,piso,Leganés,40.3281942,-3.76527,197000.0,45888.0
342,2.0,78.0,1.0,0.0,1.0,Media,1996.0,1.0,En proceso,1.0,0.0,0.0,piso,Pinto,40.240985,-3.7005072,157000.0,2240.0
343,2.0,52.0,1.0,1.0,1.0,Señorial,1965.0,1.0,E,0.0,1.0,0.0,piso,Casco Histórico de Vallecas,40.3773477,-3.6217118,114900.0,25676.0
344,2.0,48.0,1.0,1.0,0.0,Popular,1960.0,0.0,D,0.0,1.0,0.0,piso,Pueblo Nuevo,40.4268,-3.6365,120000.0,41354.0
345,3.0,94.0,1.0,1.0,1.0,Señorial,1972.0,1.0,E,0.0,1.0,0.0,piso,Comillas,40.393,-3.712,375000.0,68998.0
346,2.0,52.0,1.0,1.0,0.0,Popular,1963.0,0.0,E,0.0,0.0,0.0,piso,Portazgo,40.3914367,-3.6481261,118000.0,33462.0
347,2.0,61.0,1.0,1.0,1.0,Popular,1974.0,0.0,E,0.0,1.0,0.0,piso,Casco Histórico de Vallecas,40.3773477,-3.6217118,139999.0,11371.0
348,2.0,40.0,1.0,1.0,1.0,Media,1900.0,1.0,E,0.0,0.0,0.0,piso,Embajadores,40.4095856,-3.7029851,155000.0,58992.0
349,3.0,68.0,2.0,1.0,0.0,Media,1958.0,1.0,E,1.0,0.0,0.0,piso,Hortaleza,40.4725491,-3.6425515,239900.0,233618.0
350,3.0,83.0,1.0,1.0,1.0,De época,1965.0,1.0,E,1.0,1.0,0.0,piso,Embajadores,40.4095856,-3.7029851,399000.0,30752.0
351,4.0,273.0,2.0,0.0,0.0,Señorial,1999.0,0.0,En proceso,1.0,0.0,1.0,casa,Villanueva del Pardillo,40.4949232,-3.9600065,639000.0,103474.0
352,3.0,93.0,1.0,1.0,1.0,Popular,1978.0,1.0,En proceso,0.0,1.0,0.0,piso,Fuenlabrada,40.282476,-3.7923422,189900.0,22892.0
353,5.0,147.0,2.0,1.0,0.0,Señorial,1950.0,0.0,En proceso,0.0,1.0,0.0,piso,Castillejos,40.4598788,-3.694067,517000.0,15926.0
354,3.0,83.0,1.0,0.0,1.0,Popular,1977.0,0.0,G,1.0,1.0,0.0,piso,Torrejón de Ardoz,40.4587767,-3.4793343,169900.0,6942.0
355,6.0,243.0,3.0,0.0,0.0,Media,2008.0,1.0,En proceso,0.0,0.0,1.0,casa,Villalbilla,40.4323665,-3.2987815,399500.0,2484.0
356,2.0,57.0,1.0,1.0,0.0,Media,1960.0,0.0,En proceso,0.0,0.0,0.0,piso,Berruguete,40.4602706,-3.7043452,179000.0,49228.0
357,3.0,135.0,2.0,1.0,1.0,Media,1978.0,1.0,G,0.0,1.0,0.0,piso,Casa de Campo,40.4241907,-3.755858019564672,650000.0,72938.0
358,3.0,133.0,2.0,1.0,0.0,Media,1965.0,0.0,E,1.0,0.0,0.0,piso,Concepción,40.4395,-3.6479,299000.0,139906.0
359,3.0,185.0,2.0,0.0,0.0,Media,2000.0,1.0,En proceso,0.0,0.0,0.0,casa,San Martín de la Vega,40.2110462,-3.5771806,298000.0,10106.0
360,3.0,81.0,2.0,0.0,0.0,Media,1980.0,1.0,E,0.0,0.0,0.0,casa,Orcasitas,40.3691419,-3.7098741,235000.0,92404.0
361,3.0,84.0,1.0,1.0,1.0,Media,1975.0,1.0,E,0.0,1.0,0.0,piso,Móstoles,40.3238525,-3.8649214,149500.0,10280.0
362,4.0,191.0,2.0,1.0,0.0,Media,2006.0,1.0,En proceso,1.0,0.0,0.0,casa,Arganda del Rey,40.3007708,-3.4380688,355000.0,2750.0
363,1.0,57.0,2.0,1.0,0.0,Media,2008.0,0.0,F,0.0,1.0,0.0,piso,Salvador,40.4439,-3.6323,179000.0,37202.0
364,3.0,110.0,2.0,1.0,0.0,Media,1975.0,0.0,E,1.0,1.0,0.0,piso,Coslada,40.423802,-3.5552882,255000.0,23642.0
365,4.0,110.0,2.0,0.0,0.0,Media,2004.0,0.0,E,1.0,0.0,0.0,casa,Camarma de Esteruelas,40.5490368,-3.3786211,254990.0,110918.0
366,3.0,83.0,2.0,1.0,1.0,Popular,1979.0,1.0,En proceso,1.0,1.0,0.0,piso,Cortes,40.4149,-3.6973,430000.0,148432.0
367,3.0,75.0,1.0,1.0,0.0,Media,1972.0,1.0,E,0.0,1.0,0.0,piso,Coslada,40.423802,-3.5552882,159000.0,26274.0
368,3.0,105.0,1.0,1.0,0.0,Media,1980.0,1.0,En proceso,1.0,0.0,0.0,piso,San Fernando de Henares,40.4248548,-3.5350369,175000.0,2714.0
369,3.0,113.0,2.0,1.0,1.0,De época,1960.0,0.0,E,0.0,0.0,0.0,casa,Leganés,40.3281942,-3.76527,225000.0,2004.0
370,1.0,52.0,1.0,0.0,0.0,Señorial,1880.0,0.0,En proceso,1.0,1.0,0.0,piso,Aranjuez,40.03221,-3.6039604,89000.0,79378.0
371,3.0,167.0,3.0,0.0,0.0,Popular,2006.0,1.0,E,1.0,0.0,0.0,piso,San Martín de la Vega,40.2110462,-3.5771806,189900.0,140902.0
372,3.0,112.0,2.0,1.0,0.0,Popular,1978.0,1.0,D,1.0,1.0,0.0,piso,Peñagrande,40.4789641,-3.7258417,395000.0,932.0
373,3.0,72.0,1.0,1.0,0.0,Popular,1970.0,1.0,En proceso,0.0,1.0,0.0,piso,Ventas,40.4310642,-3.6635419,262000.0,52720.0
374,3.0,76.0,1.0,1.0,0.0,Popular,1973.0,1.0,E,1.0,0.0,0.0,piso,Getafe,40.3081807,-3.7302679,149000.0,9986.0
375,2.0,95.0,2.0,0.0,0.0,Señorial,2003.0,0.0,En proceso,1.0,1.0,0.0,piso,Valdemoro,40.1888604,-3.67143,239000.0,26590.0
376,3.0,55.0,1.0,1.0,0.0,Popular,1960.0,0.0,F,0.0,0.0,0.0,piso,Simancas,40.4362,-3.6248,135000.0,14076.0
377,4.0,113.0,2.0,0.0,0.0,Popular,1978.0,1.0,En proceso,0.0,0.0,0.0,piso,Guadarrama,40.6734454,-4.0893911,209000.0,5470.0
378,3.0,73.0,1.0,0.0,1.0,Popular,1965.0,1.0,En proceso,1.0,0.0,0.0,piso,Alcalá de Henares,40.4818396,-3.3644973,138000.0,3878.0
379,3.0,91.0,2.0,1.0,0.0,Popular,1970.0,0.0,En proceso,0.0,1.0,0.0,piso,Bellas Vistas,40.4526848,-3.7072396,350000.0,66224.0
380,2.0,86.0,1.0,1.0,1.0,Señorial,1970.0,0.0,En proceso,1.0,0.0,0.0,piso,Castillejos,40.4598788,-3.694067,359000.0,19162.0
381,2.0,106.0,2.0,0.0,0.0,Popular,1997.0,0.0,E,0.0,1.0,0.0,piso,Majadahonda,40.473055,-3.8724138,415000.0,93654.0
382,3.0,104.0,2.0,1.0,0.0,Media,1990.0,1.0,En proceso,1.0,0.0,0.0,piso,San Fernando de Henares,40.4248548,-3.5350369,249000.0,38038.0
383,3.0,85.0,1.0,0.0,0.0,Popular,1975.0,1.0,En proceso,1.0,0.0,0.0,piso,Aranjuez,40.03221,-3.6039604,170000.0,74098.0
384,3.0,132.0,2.0,1.0,1.0,Señorial,1981.0,1.0,E,1.0,0.0,0.0,piso,Fuencarral,40.4262741,-3.7009067,400000.0,43314.0
385,4.0,103.0,2.0,1.0,1.0,Popular,1980.0,0.0,E,0.0,1.0,0.0,piso,Leganés,40.3281942,-3.76527,249900.0,10048.0
386,1.0,47.0,1.0,1.0,1.0,Media,2004.0,0.0,G,1.0,1.0,0.0,piso,Almendrales,40.3843762,-3.6992931,172000.0,13222.0
387,3.0,90.0,1.0,1.0,1.0,Media,1978.0,0.0,En proceso,0.0,0.0,0.0,piso,Fuenlabrada,40.282476,-3.7923422,173000.0,34140.0
388,1.0,50.0,1.0,0.0,0.0,Señorial,2021.0,1.0,A+,0.0,1.0,0.0,piso,Pozuelo de Alarcón,40.4346528,-3.814834,360000.0,59034.0
389,3.0,83.0,1.0,1.0,1.0,Media,1979.0,0.0,G,1.0,1.0,0.0,piso,Móstoles,40.3238525,-3.8649214,189000.0,33928.0
390,3.0,76.0,1.0,0.0,1.0,Popular,1978.0,1.0,En proceso,0.0,1.0,0.0,piso,Humanes de Madrid,40.2508847,-3.8270997,116000.0,2550.0
391,3.0,83.0,1.0,1.0,1.0,Media,1968.0,0.0,E,0.0,1.0,0.0,piso,Móstoles,40.3238525,-3.8649214,129900.0,17352.0
392,2.0,62.0,1.0,1.0,0.0,Popular,1966.0,1.0,E,0.0,1.0,0.0,piso,Concepción,40.4395,-3.6479,219000.0,70942.0
393,4.0,113.0,2.0,1.0,0.0,Popular,1991.0,0.0,E,0.0,1.0,0.0,piso,Hortaleza,40.4725491,-3.6425515,520000.0,52202.0
394,3.0,58.0,1.0,0.0,1.0,Media,1969.0,1.0,E,1.0,1.0,0.0,piso,Alcalá de Henares,40.4818396,-3.3644973,107500.0,12430.0
395,3.0,104.0,2.0,1.0,0.0,Popular,1981.0,1.0,En proceso,1.0,1.0,0.0,piso,San Fernando de Henares,40.4248548,-3.5350369,199900.0,22042.0
396,6.0,253.0,3.0,0.0,0.0,Señorial,1988.0,1.0,E,0.0,0.0,1.0,casa,Torrelodones,40.5762809,-3.928603,645000.0,35174.0
397,3.0,85.0,1.0,0.0,0.0,Popular,1972.0,1.0,E,1.0,1.0,0.0,piso,San Martín de la Vega,40.2110462,-3.5771806,145000.0,30154.0
398,1.0,45.0,1.0,1.0,0.0,De época,1925.0,0.0,C,0.0,1.0,0.0,piso,Salamanca,40.4316,-3.679,250000.0,135142.0
399,3.0,61.0,1.0,1.0,0.0,Popular,1963.0,1.0,En proceso,1.0,1.0,0.0,piso,Ventas,40.4310642,-3.6635419,175000.0,21856.0
400,2.0,78.0,2.0,0.0,0.0,Popular,2007.0,1.0,E,0.0,1.0,0.0,piso,Collado Villalba,40.6431496,-3.9930128,190000.0,15046.0
401,3.0,96.0,2.0,0.0,0.0,Media,1981.0,1.0,E,1.0,1.0,0.0,piso,Valdemoro,40.1888604,-3.67143,199000.0,18190.0
402,2.0,51.0,1.0,1.0,0.0,Popular,1924.0,0.0,E,0.0,0.0,0.0,piso,Carabanchel,40.3742112,-3.744676,122000.0,44624.0
403,2.0,50.0,1.0,1.0,0.0,Media,1932.0,0.0,E,0.0,0.0,0.0,piso,Fuente del Berro,40.424977,-3.6636998,280000.0,7656.0
404,3.0,53.0,1.0,1.0,0.0,Media,1965.0,1.0,G,1.0,1.0,0.0,piso,Numancia,40.3995283,-3.6596765,180000.0,36790.0
405,3.0,71.0,2.0,1.0,0.0,Popular,1969.0,0.0,En proceso,0.0,0.0,0.0,piso,Barajas,40.4733176,-3.5798446,220000.0,89318.0
406,3.0,135.0,2.0,0.0,0.0,Media,2009.0,1.0,E,0.0,0.0,0.0,piso,Guadarrama,40.6734454,-4.0893911,375000.0,114210.0
407,2.0,57.0,1.0,1.0,0.0,Media,1964.0,1.0,E,1.0,1.0,0.0,piso,Latina,40.3914,-3.7576,175000.0,9764.0
408,3.0,139.0,2.0,0.0,0.0,Media,1977.0,1.0,En proceso,0.0,0.0,1.0,casa,San Martín de la Vega,40.2110462,-3.5771806,312000.0,126206.0
409,2.0,47.0,1.0,1.0,0.0,Media,1961.0,0.0,E,0.0,0.0,0.0,piso,Berruguete,40.4602706,-3.7043452,190000.0,20320.0
410,3.0,75.0,1.0,0.0,1.0,Popular,1966.0,0.0,En proceso,0.0,0.0,0.0,piso,Alcalá de Henares,40.4818396,-3.3644973,169900.0,42066.0
411,4.0,108.0,1.0,1.0,0.0,Popular,1970.0,1.0,En proceso,0.0,1.0,0.0,piso,Rosas,40.4278,-3.6006,296000.0,71016.0
412,5.0,148.0,1.0,1.0,0.0,Popular,1961.0,1.0,E,1.0,1.0,0.0,piso,Chamartín,40.4685,-3.681,699000.0,221182.0
413,3.0,77.0,1.0,0.0,0.0,Señorial,1977.0,0.0,En proceso,1.0,0.0,0.0,piso,Alcalá de Henares,40.4818396,-3.3644973,140000.0,19622.0
414,2.0,151.0,2.0,1.0,0.0,Media,1957.0,0.0,D,0.0,1.0,0.0,piso,Fuente del Berro,40.424977,-3.6636998,540000.0,64.0
415,3.0,90.0,2.0,0.0,1.0,Señorial,1975.0,1.0,E,1.0,1.0,0.0,piso,Alcalá de Henares,40.4818396,-3.3644973,229000.0,13550.0
416,4.0,119.0,1.0,0.0,0.0,Popular,1970.0,1.0,G,1.0,0.0,0.0,piso,Aranjuez,40.03221,-3.6039604,99500.0,48966.0
417,2.0,44.0,1.0,1.0,0.0,Popular,1960.0,0.0,D,0.0,0.0,0.0,piso,Opañel,40.3903949,-3.7221926,118000.0,13654.0
418,3.0,89.0,1.0,1.0,0.0,Popular,1974.0,0.0,En proceso,0.0,1.0,0.0,piso,Canillejas,40.4416267,-3.6093074,175000.0,32452.0
419,3.0,54.0,1.0,1.0,0.0,Popular,1900.0,0.0,En proceso,0.0,0.0,0.0,piso,Justicia,40.4232759,-3.6966805,170000.0,101554.0
420,3.0,118.0,1.0,1.0,0.0,Media,1972.0,1.0,F,0.0,0.0,0.0,piso,Canillas,40.4618893,-3.6433517,340000.0,25562.0
421,4.0,102.0,2.0,0.0,0.0,Popular,1985.0,1.0,E,0.0,1.0,0.0,piso,Torrejón de Ardoz,40.4587767,-3.4793343,209900.0,15070.0
422,2.0,57.0,1.0,0.0,1.0,Señorial,1960.0,0.0,En proceso,0.0,1.0,0.0,piso,San Diego,40.3881,-3.6677,125000.0,5594.0
423,3.0,95.0,2.0,0.0,0.0,Señorial,1990.0,1.0,E,0.0,0.0,0.0,piso,Alcalá de Henares,40.4818396,-3.3644973,260000.0,35542.0
424,3.0,98.0,1.0,0.0,0.0,Media,1962.0,1.0,En proceso,1.0,1.0,0.0,piso,Casa de Campo,40.4241907,-3.755858019564672,350000.0,122058.0
425,3.0,89.0,1.0,0.0,1.0,Popular,1970.0,1.0,E,0.0,1.0,0.0,piso,Torrejón de Ardoz,40.4587767,-3.4793343,169500.0,5658.0
426,2.0,49.0,1.0,1.0,0.0,Media,1952.0,0.0,En proceso,0.0,0.0,0.0,casa,Barajas,40.4733176,-3.5798446,130000.0,66222.0
427,3.0,94.0,1.0,1.0,0.0,Media,1960.0,0.0,F,0.0,0.0,0.0,piso,Simancas,40.4362,-3.6248,212000.0,26688.0
428,3.0,79.0,1.0,1.0,1.0,Popular,1978.0,1.0,En proceso,1.0,0.0,0.0,piso,Getafe,40.3081807,-3.7302679,164000.0,17590.0
429,3.0,79.0,1.0,0.0,1.0,Popular,1978.0,0.0,En proceso,0.0,1.0,0.0,piso,Humanes de Madrid,40.2508847,-3.8270997,137800.0,26050.0
430,4.0,101.0,2.0,0.0,1.0,Popular,1977.0,1.0,E,0.0,1.0,0.0,piso,Móstoles,40.3238525,-3.8649214,179900.0,44528.0
431,3.0,98.0,1.0,1.0,0.0,Media,1930.0,1.0,E,1.0,1.0,0.0,piso,Salamanca,40.4316,-3.679,349000.0,139102.0
432,3.0,90.0,1.0,0.0,0.0,Media,1985.0,1.0,E,0.0,1.0,0.0,piso,San Martín de la Vega,40.2110462,-3.5771806,129000.0,15566.0
433,3.0,111.0,2.0,0.0,1.0,Popular,2001.0,0.0,En proceso,0.0,1.0,0.0,piso,Alcalá de Henares,40.4818396,-3.3644973,248000.0,2334.0
434,1.0,45.0,1.0,0.0,1.0,Señorial,1995.0,1.0,En proceso,1.0,0.0,0.0,piso,Portazgo,40.3914367,-3.6481261,119000.0,18866.0
435,3.0,86.0,1.0,1.0,0.0,Media,1950.0,0.0,E,1.0,0.0,0.0,piso,Valdezarza,40.4649542,-3.717074,260000.0,43880.0
436,2.0,83.0,1.0,1.0,1.0,Popular,1974.0,0.0,En proceso,1.0,1.0,0.0,piso,Orcasitas,40.3691419,-3.7098741,179900.0,3780.0
437,3.0,65.0,1.0,0.0,0.0,Popular,1980.0,1.0,E,0.0,0.0,0.0,piso,Guadarrama,40.6734454,-4.0893911,139000.0,43446.0
438,3.0,135.0,3.0,1.0,0.0,Popular,1956.0,0.0,B,0.0,0.0,0.0,piso,Carabanchel,40.3742112,-3.744676,259000.0,92180.0
439,3.0,65.0,1.0,1.0,1.0,Popular,1959.0,0.0,E,0.0,0.0,0.0,piso,San Cristóbal,40.3409,-3.6885,85000.0,10806.0
440,2.0,60.0,1.0,1.0,1.0,Media,1928.0,0.0,En proceso,0.0,1.0,0.0,piso,adelfas,40.4019026,-3.6709579,235000.0,32216.0
441,4.0,131.0,2.0,1.0,1.0,Popular,1979.0,1.0,D,0.0,0.0,0.0,piso,Leganés,40.3281942,-3.76527,189900.0,115220.0
442,3.0,159.0,1.0,1.0,0.0,Popular,1970.0,0.0,C,1.0,1.0,0.0,piso,Pueblo Nuevo,40.4268,-3.6365,535000.0,171650.0
443,3.0,88.0,1.0,1.0,0.0,Popular,1954.0,0.0,E,1.0,1.0,0.0,piso,Ciudad Lineal,40.4484305,-3.650495,330000.0,117736.0
444,2.0,58.0,1.0,1.0,0.0,Popular,1935.0,0.0,G,0.0,0.0,0.0,piso,Bellas Vistas,40.4526848,-3.7072396,245000.0,90504.0
445,4.0,233.0,4.0,0.0,0.0,Señorial,1999.0,1.0,D,1.0,0.0,1.0,casa,Colmenar Viejo,40.6587726,-3.7659722,495000.0,81522.0
446,3.0,97.0,1.0,0.0,1.0,Media,1979.0,0.0,En proceso,0.0,1.0,0.0,piso,Entrevías,40.3790449,-3.6717573,125000.0,61486.0
447,2.0,70.0,1.0,1.0,0.0,Media,1960.0,0.0,D,0.0,0.0,0.0,piso,Pueblo Nuevo,40.4268,-3.6365,164900.0,20594.0
448,2.0,70.0,1.0,0.0,1.0,Popular,2005.0,1.0,E,0.0,1.0,0.0,piso,Collado Villalba,40.6431496,-3.9930128,149000.0,5182.0
449,1.0,43.0,1.0,1.0,1.0,Media,1929.0,0.0,E,1.0,1.0,0.0,piso,Casa de Campo,40.4241907,-3.755858019564672,300000.0,62630.0
450,3.0,76.0,1.0,0.0,1.0,Popular,1978.0,0.0,En proceso,1.0,1.0,0.0,piso,Humanes de Madrid,40.2508847,-3.8270997,145000.0,27614.0
451,3.0,90.0,2.0,0.0,1.0,Media,1955.0,0.0,En proceso,0.0,0.0,0.0,casa,Ciempozuelos,40.1580087,-3.6205514,115000.0,19426.0
452,3.0,243.0,3.0,0.0,0.0,Media,2005.0,1.0,En proceso,1.0,0.0,1.0,casa,Mejorada del Campo,40.3971785,-3.4896068,309900.0,173804.0
453,3.0,250.0,3.0,1.0,0.0,Popular,1976.0,1.0,D,1.0,1.0,0.0,piso,Pueblo Nuevo,40.4268,-3.6365,619000.0,3466.0
454,3.0,81.0,1.0,1.0,1.0,Media,1935.0,0.0,En proceso,0.0,0.0,0.0,piso,Casa de Campo,40.4241907,-3.755858019564672,440000.0,19950.0
455,3.0,75.0,1.0,0.0,0.0,Media,1975.0,1.0,E,0.0,1.0,0.0,piso,Móstoles,40.3238525,-3.8649214,150000.0,26788.0
456,1.0,50.0,1.0,1.0,1.0,Señorial,2010.0,0.0,En proceso,1.0,1.0,0.0,piso,Alcorcón,40.3492998,-3.8284295,199000.0,23122.0
457,2.0,47.0,1.0,1.0,0.0,Popular,1960.0,1.0,E,0.0,1.0,0.0,piso,Simancas,40.4362,-3.6248,127999.0,11475.0
458,3.0,92.0,2.0,0.0,0.0,Media,1999.0,1.0,E,0.0,1.0,0.0,piso,Alcalá de Henares,40.4818396,-3.3644973,255000.0,53602.0
459,3.0,82.0,1.0,0.0,0.0,Señorial,1972.0,0.0,E,0.0,1.0,0.0,piso,Alcalá de Henares,40.4818396,-3.3644973,118000.0,46210.0
460,1.0,34.0,1.0,1.0,1.0,Media,1910.0,0.0,E,0.0,0.0,0.0,piso,Castillejos,40.4598788,-3.694067,169900.0,37270.0
461,3.0,83.0,1.0,1.0,1.0,Popular,1972.0,1.0,E,1.0,1.0,0.0,piso,Fuenlabrada,40.282476,-3.7923422,147900.0,8656.0
462,3.0,130.0,2.0,1.0,0.0,Señorial,1998.0,0.0,En proceso,1.0,1.0,0.0,atico,Alameda de Osuna,40.4575814,-3.5879745,535000.0,15280.0
463,2.0,88.0,1.0,0.0,1.0,Popular,1959.0,0.0,En proceso,0.0,0.0,0.0,casa,Entrevías,40.3790449,-3.6717573,167000.0,39118.0
464,3.0,63.0,1.0,0.0,1.0,Popular,1972.0,1.0,F,1.0,1.0,0.0,piso,Portazgo,40.3914367,-3.6481261,149000.0,2554.0
465,3.0,83.0,1.0,1.0,1.0,Media,1965.0,1.0,E,0.0,1.0,0.0,piso,Fuencarral,40.4262741,-3.7009067,185000.0,11678.0
466,2.0,65.0,1.0,0.0,0.0,Popular,1992.0,0.0,En proceso,1.0,1.0,0.0,piso,Torrejón de Ardoz,40.4587767,-3.4793343,187000.0,56810.0
467,3.0,121.0,2.0,0.0,0.0,Media,1988.0,1.0,En proceso,0.0,0.0,1.0,casa,Daganzo de Arriba,40.5451953,-3.45785,293900.0,102780.0
468,2.0,49.0,2.0,0.0,0.0,Media,2001.0,1.0,E,0.0,0.0,0.0,piso,Meco,40.553746,-3.3281561,128000.0,39006.0
469,3.0,46.0,1.0,1.0,1.0,Popular,1956.0,0.0,E,1.0,0.0,0.0,piso,Villaverde,40.3511231,-3.6997748,93000.0,14846.0
470,3.0,89.0,1.0,1.0,0.0,Popular,1970.0,1.0,E,1.0,1.0,0.0,piso,Aluche,40.392356,-3.7571096,295000.0,60240.0
471,2.0,45.0,1.0,1.0,0.0,Popular,1960.0,0.0,En proceso,0.0,0.0,0.0,piso,Canillejas,40.4416267,-3.6093074,118000.0,9736.0
472,2.0,58.0,1.0,1.0,1.0,Popular,1975.0,1.0,F,1.0,1.0,0.0,piso,San Sebastián de los Reyes,40.5473698,-3.6260586,149000.0,37804.0
473,2.0,63.0,1.0,1.0,0.0,Señorial,1970.0,1.0,En proceso,0.0,0.0,0.0,piso,moratalaz,40.4059332,-3.6448737,135000.0,42358.0
474,3.0,91.0,1.0,1.0,0.0,Popular,1971.0,1.0,En proceso,1.0,1.0,0.0,piso,Canillejas,40.4416267,-3.6093074,220000.0,7696.0
475,3.0,100.0,1.0,1.0,1.0,Popular,1977.0,1.0,E,0.0,1.0,0.0,piso,Aluche,40.392356,-3.7571096,365000.0,103556.0
476,4.0,210.0,3.0,0.0,0.0,Popular,1995.0,1.0,E,0.0,0.0,0.0,casa,Moralzarzal,40.6791436,-3.9720985,390000.0,69040.0
477,2.0,73.0,1.0,1.0,0.0,Popular,1965.0,1.0,F,1.0,0.0,0.0,piso,Valdeacederas,40.4679108,-3.7034226,265000.0,50528.0
478,2.0,47.0,1.0,1.0,1.0,Popular,1956.0,1.0,G,1.0,0.0,0.0,piso,Villaverde,40.3511231,-3.6997748,109000.0,33770.0
479,3.0,103.0,1.0,1.0,0.0,Media,1963.0,1.0,E,1.0,1.0,0.0,piso,Fuente del Berro,40.424977,-3.6636998,425000.0,5028.0
480,4.0,89.0,2.0,1.0,1.0,Popular,1973.0,1.0,F,1.0,0.0,0.0,piso,Alcorcón,40.3492998,-3.8284295,215000.0,26230.0
481,2.0,63.0,1.0,1.0,1.0,Media,1969.0,0.0,E,0.0,1.0,0.0,piso,Leganés,40.3281942,-3.76527,118000.0,2020.0
482,2.0,117.0,1.0,0.0,1.0,Media,2003.0,1.0,E,0.0,1.0,0.0,piso,Villaverde,40.3511231,-3.6997748,199000.0,22146.0
483,2.0,52.0,1.0,1.0,1.0,Media,1950.0,1.0,E,1.0,0.0,0.0,piso,Lucero,40.4021568,-3.7511015,175000.0,20522.0
484,3.0,72.0,1.0,1.0,0.0,Media,1959.0,1.0,E,0.0,1.0,0.0,piso,Moscardo,40.3890429,-3.7057718,150000.0,9526.0
